[{"_allAttributes":null,"_properties":null,"_methods":null,"file":"d:/SalesforceProjects/paola@bonanzaloan.com.torqueinfo/force-app/main/default/lwc/account_details_lwc/account_details_lwc.js","metadata":{"decorators":[{"type":"api","targets":[{"type":"property","name":"recordId","value":{"type":"unresolved"}}]},{"type":"track","targets":[{"name":"data_obj","type":"property"},{"name":"paymentHistoryList","type":"property"},{"name":"sort_direction","type":"property"},{"name":"repo_opportunity_obj","type":"property"},{"name":"paymentHistoryModal","type":"property"}]}],"exports":[{"type":"ExportDefaultDeclaration"}]},"updatedAt":"2023-02-09T06:50:26.286Z"},{"_allAttributes":null,"_properties":null,"_methods":null,"file":"d:/SalesforceProjects/paola@bonanzaloan.com.torqueinfo/force-app/main/default/lwc/opportunity_getpayment_lwc/opportunity_getpayment_lwc.js","metadata":{"decorators":[{"type":"api","targets":[{"type":"property","name":"recordId","value":{"type":"unresolved"}}]},{"type":"track","targets":[{"name":"data","type":"property"},{"name":"paymentHistoryModal","type":"property"}]}],"declarationLoc":{"start":{"line":9,"column":0},"end":{"line":205,"column":1}},"classMembers":[{"type":"property","name":"recordId","loc":{"start":{"line":10,"column":4},"end":{"line":10,"column":18}},"decorator":"api","value":{"type":"unresolved"}},{"type":"property","name":"data","loc":{"start":{"line":11,"column":4},"end":{"line":11,"column":21}},"decorator":"track"},{"type":"property","name":"paymentschedulerecord","loc":{"start":{"line":12,"column":4},"end":{"line":12,"column":29}}},{"type":"property","name":"show_spinner","loc":{"start":{"line":13,"column":4},"end":{"line":13,"column":23}}},{"type":"property","name":"paymentHistoryModal","loc":{"start":{"line":14,"column":4},"end":{"line":27,"column":6}},"decorator":"track"},{"type":"property","name":"recordId_rendered","loc":{"start":{"line":28,"column":4},"end":{"line":28,"column":28}}},{"type":"method","name":"connectedCallback","loc":{"start":{"line":29,"column":4},"end":{"line":33,"column":5}}},{"type":"method","name":"renderedCallback","loc":{"start":{"line":34,"column":6},"end":{"line":41,"column":7}}},{"type":"method","name":"closeAction","loc":{"start":{"line":42,"column":6},"end":{"line":44,"column":7}}},{"type":"property","name":"account_condition_picklist_value","loc":{"start":{"line":45,"column":6},"end":{"line":45,"column":54}}},{"type":"property","name":"payment_schedule_picklist_options","loc":{"start":{"line":46,"column":6},"end":{"line":46,"column":43}}},{"type":"property","name":"payment_schedule_picklist_value","loc":{"start":{"line":47,"column":6},"end":{"line":47,"column":47}}},{"type":"property","name":"showCreatePaymentScreen","loc":{"start":{"line":48,"column":6},"end":{"line":48,"column":36}}},{"type":"method","name":"handleChange","loc":{"start":{"line":57,"column":4},"end":{"line":59,"column":5}}},{"type":"property","name":"show_payment_schedule_picklist","loc":{"start":{"line":60,"column":4},"end":{"line":60,"column":41}}},{"type":"method","name":"retrieveData","loc":{"start":{"line":62,"column":4},"end":{"line":97,"column":5}}},{"type":"method","name":"handleCreatePaymentClick","loc":{"start":{"line":98,"column":4},"end":{"line":154,"column":5}}},{"type":"method","name":"handleSavePaymentClick","loc":{"start":{"line":155,"column":4},"end":{"line":192,"column":5}}},{"type":"method","name":"readEMI","loc":{"start":{"line":193,"column":4},"end":{"line":195,"column":5}}},{"type":"method","name":"readMethod","loc":{"start":{"line":196,"column":4},"end":{"line":198,"column":5}}},{"type":"method","name":"readPaymentDate","loc":{"start":{"line":199,"column":4},"end":{"line":201,"column":5}}},{"type":"method","name":"readLateFee","loc":{"start":{"line":202,"column":4},"end":{"line":204,"column":5}}}],"exports":[{"type":"ExportDefaultDeclaration"}]},"updatedAt":"2023-02-06T13:13:20.143Z"}]